,mean,sd,hdi_3%,hdi_97%,mcse_mean,mcse_sd,ess_bulk,ess_tail,r_hat
u[51095],-0.268,0.474,-1.216,0.567,0.006,0.005,5410.0,5822.0,1.0
u[51167],0.083,0.738,-1.266,1.511,0.017,0.013,1982.0,2462.0,1.0
u[51173],-0.027,0.732,-1.434,1.318,0.015,0.011,2433.0,3154.0,1.0
u[51540],0.427,0.772,-1.049,1.881,0.008,0.007,9114.0,9238.0,1.0
u[51031],-0.062,0.486,-0.965,0.849,0.007,0.005,5053.0,6515.0,1.0
u[51087],0.155,0.419,-0.647,0.937,0.006,0.004,4533.0,6967.0,1.0
u[51099],0.428,0.574,-0.644,1.52,0.008,0.005,5861.0,7998.0,1.0
u[51103],-0.692,1.143,-2.84,1.493,0.012,0.011,8793.0,8786.0,1.0
u[51105],-0.268,0.947,-2.029,1.535,0.019,0.013,2635.0,4226.0,1.0
u[51115],-0.262,0.781,-1.78,1.155,0.009,0.006,8374.0,9655.0,1.0
u[51119],-0.121,0.596,-1.227,1.019,0.007,0.005,6666.0,8313.0,1.0
u[51149],-0.073,0.491,-0.989,0.864,0.007,0.004,5388.0,6920.0,1.0
u[51169],-0.022,0.806,-1.556,1.468,0.017,0.014,2212.0,2523.0,1.0
u[51177],0.803,0.439,-0.011,1.625,0.008,0.005,3350.0,4412.0,1.0
u[51011],-0.357,0.575,-1.424,0.757,0.007,0.005,6212.0,7686.0,1.0
u[51067],0.621,0.514,-0.4,1.54,0.008,0.006,4818.0,4372.0,1.0
u[51097],0.101,0.467,-0.817,0.939,0.007,0.004,4955.0,6723.0,1.0
u[51121],0.085,0.684,-1.17,1.416,0.009,0.007,5733.0,7027.0,1.0
u[51127],0.145,0.47,-0.72,1.045,0.006,0.004,5372.0,7891.0,1.0
u[51051],0.13,0.873,-1.46,1.802,0.018,0.013,2476.0,3333.0,1.0
u[51083],0.171,0.562,-0.859,1.257,0.007,0.005,6025.0,7821.0,1.0
u[51107],-0.387,0.589,-1.509,0.736,0.01,0.007,3735.0,4375.0,1.0
u[51153],-0.075,0.563,-1.096,1.032,0.009,0.006,3723.0,5920.0,1.0
u[51175],-0.333,0.678,-1.615,0.928,0.011,0.008,3870.0,5484.0,1.0
u[51033],0.489,0.456,-0.394,1.325,0.007,0.004,4357.0,5399.0,1.0
u[51073],0.085,0.537,-0.927,1.069,0.008,0.005,5147.0,6858.0,1.0
u[51141],0.131,0.667,-1.145,1.345,0.009,0.006,5887.0,8129.0,1.0
u[51145],-0.106,0.548,-1.083,0.978,0.006,0.004,7502.0,8056.0,1.0
u[51171],0.163,0.566,-0.928,1.213,0.008,0.006,4978.0,6143.0,1.0
u[51061],0.588,0.508,-0.368,1.547,0.009,0.006,3377.0,4191.0,1.0
u[51790],-0.318,0.885,-2.008,1.339,0.009,0.008,10843.0,9451.0,1.0
u[51065],0.513,0.592,-0.604,1.612,0.007,0.005,7796.0,8394.0,1.0
u[51007],-0.249,0.522,-1.255,0.71,0.007,0.004,6142.0,9072.0,1.0
u[51840],1.466,0.823,-0.092,3.038,0.01,0.01,6675.0,6040.0,1.0
u[51135],-0.298,0.545,-1.333,0.712,0.007,0.004,5748.0,7508.0,1.0
u[51036],-0.078,0.504,-0.986,0.891,0.006,0.004,6087.0,7860.0,1.0
u[51047],0.703,0.503,-0.246,1.653,0.008,0.005,4500.0,5515.0,1.0
u[51053],-0.176,0.47,-1.058,0.716,0.007,0.004,5188.0,6883.0,1.0
u[51137],0.429,0.463,-0.426,1.33,0.006,0.004,6367.0,7761.0,1.0
u[51079],0.175,0.52,-0.784,1.181,0.007,0.004,6433.0,8504.0,1.0
u[51085],0.544,0.44,-0.272,1.385,0.007,0.004,3594.0,5461.0,1.0
u[51111],-0.338,0.573,-1.379,0.783,0.008,0.005,5271.0,7253.0,1.0
u[51197],-0.294,0.742,-1.675,1.114,0.013,0.007,3520.0,5303.0,1.0
u[51550],-0.351,0.614,-1.553,0.764,0.013,0.009,2580.0,3460.0,1.0
u[51660],-0.799,0.879,-2.486,0.831,0.01,0.008,7598.0,6438.0,1.0
u[51003],-0.065,0.426,-0.863,0.736,0.006,0.004,4448.0,5531.0,1.0
u[51019],0.148,0.448,-0.666,1.02,0.006,0.005,5082.0,7355.0,1.0
u[51195],0.161,0.807,-1.374,1.679,0.018,0.015,2142.0,2490.0,1.0
u[51740],-0.221,0.666,-1.437,1.086,0.013,0.009,2806.0,3725.0,1.0
u[51810],-0.584,0.673,-1.919,0.655,0.012,0.009,3518.0,4641.0,1.0
u[51005],-0.347,0.675,-1.627,0.912,0.009,0.006,5756.0,7107.0,1.0
u[51640],-1.19,1.037,-3.168,0.707,0.017,0.01,3784.0,5041.0,1.0
u[51193],-0.317,0.698,-1.647,0.989,0.008,0.005,7526.0,8661.0,1.0
u[51133],-0.564,0.933,-2.326,1.216,0.01,0.008,8317.0,9286.0,1.0
u[51155],0.099,0.7,-1.187,1.446,0.01,0.007,4563.0,6754.0,1.0
u[51187],0.413,0.526,-0.567,1.416,0.008,0.006,4664.0,5697.0,1.0
u[51590],0.104,0.784,-1.398,1.559,0.008,0.008,8891.0,8418.0,1.0
u[51630],1.627,0.707,0.283,2.946,0.012,0.008,4038.0,4224.0,1.0
u[51017],-0.405,0.665,-1.626,0.873,0.008,0.006,6751.0,7539.0,1.0
u[51670],0.335,0.65,-0.906,1.542,0.008,0.006,7705.0,7494.0,1.0
u[51700],-0.252,0.573,-1.365,0.814,0.008,0.006,4760.0,7302.0,1.0
u[51069],0.4,0.583,-0.68,1.508,0.008,0.006,4817.0,5462.0,1.0
u[51680],-0.03,0.623,-1.219,1.144,0.008,0.007,6694.0,6356.0,1.0
u[51199],-0.436,0.537,-1.446,0.581,0.008,0.006,4927.0,5790.0,1.0
u[51690],0.54,0.8,-1.014,2.044,0.009,0.009,7337.0,7016.0,1.0
u[51125],-0.24,0.546,-1.322,0.737,0.006,0.004,9144.0,9459.0,1.0
u[51143],0.207,0.479,-0.678,1.113,0.007,0.005,5088.0,6976.0,1.0
u[51610],-1.001,0.933,-2.75,0.744,0.014,0.009,4274.0,5856.0,1.0
u[51730],0.393,0.56,-0.592,1.514,0.008,0.005,4551.0,6521.0,1.0
u[51735],-0.702,0.766,-2.131,0.775,0.009,0.007,7748.0,7656.0,1.0
u[51820],-0.299,0.855,-1.921,1.323,0.008,0.008,10506.0,10641.0,1.0
u[51770],1.709,0.66,0.464,2.963,0.011,0.012,4231.0,2946.0,1.0
u[51800],-0.397,0.622,-1.613,0.729,0.012,0.009,3087.0,3618.0,1.0
u[51710],-0.447,0.585,-1.631,0.613,0.011,0.008,3075.0,4046.0,1.0
u[51041],0.159,0.377,-0.566,0.842,0.006,0.004,3566.0,6069.0,1.0
u[51059],-0.89,0.656,-2.159,0.326,0.012,0.008,3201.0,4054.0,1.0
u[51620],-0.941,0.831,-2.583,0.557,0.011,0.009,5425.0,6717.0,1.0
u[51093],-0.517,0.732,-1.882,0.851,0.011,0.009,4272.0,5349.0,1.0
u[51678],-0.677,0.987,-2.547,1.18,0.01,0.008,8999.0,8793.0,1.0
u[51089],0.392,0.569,-0.66,1.47,0.008,0.006,5453.0,5485.0,1.0
u[51101],0.168,0.552,-0.873,1.201,0.007,0.004,6194.0,9106.0,1.0
u[51109],0.391,0.459,-0.468,1.264,0.006,0.004,6672.0,6898.0,1.0
u[51147],-0.382,0.553,-1.43,0.633,0.007,0.005,5679.0,6959.0,1.0
u[51165],-0.124,0.484,-1.034,0.775,0.007,0.005,5282.0,5571.0,1.0
u[51043],0.353,0.585,-0.765,1.447,0.008,0.005,5055.0,6698.0,1.0
u[51117],0.051,0.591,-1.03,1.21,0.008,0.005,5864.0,9061.0,1.0
u[51015],-0.133,0.461,-0.972,0.764,0.006,0.004,6577.0,7600.0,1.0
u[51075],0.245,0.467,-0.639,1.1,0.006,0.004,6933.0,8275.0,1.0
u[51113],0.351,0.561,-0.666,1.419,0.007,0.005,7157.0,8991.0,1.0
u[51161],0.654,0.476,-0.22,1.566,0.007,0.006,5138.0,4924.0,1.0
u[51025],-0.055,0.584,-1.175,1.017,0.007,0.004,6629.0,9714.0,1.0
u[51163],-0.177,0.495,-1.124,0.743,0.007,0.004,5834.0,6931.0,1.0
u[51720],-0.327,1.08,-2.332,1.715,0.019,0.012,3258.0,5377.0,1.0
u[51570],0.18,0.684,-1.137,1.44,0.007,0.006,8781.0,9012.0,1.0
u[51023],0.272,0.554,-0.778,1.308,0.007,0.005,7144.0,8240.0,1.0
u[51520],-0.821,1.022,-2.758,1.099,0.017,0.011,3638.0,4908.0,1.0
u[51035],-0.35,0.705,-1.651,1.019,0.012,0.008,3550.0,5762.0,1.0
u[51191],-0.235,0.759,-1.684,1.2,0.016,0.011,2386.0,3355.0,1.0
u[51139],0.122,0.538,-0.914,1.108,0.007,0.005,5363.0,7069.0,1.0
u[51510],-1.099,0.862,-2.735,0.567,0.014,0.009,3929.0,6099.0,1.0
u[51650],-0.456,0.563,-1.545,0.591,0.009,0.006,4289.0,6234.0,1.0
u[51013],-0.885,0.817,-2.482,0.593,0.014,0.009,3670.0,5309.0,1.0
u[51027],0.696,0.863,-0.901,2.331,0.018,0.016,2514.0,2538.0,1.0
u[51760],0.554,0.607,-0.607,1.689,0.008,0.006,5615.0,7568.0,1.0
u[51057],-0.066,0.544,-1.077,0.959,0.007,0.005,6093.0,8718.0,1.0
u[51185],0.404,0.81,-1.147,1.916,0.017,0.014,2488.0,2468.0,1.0
u[51183],-0.444,0.651,-1.719,0.724,0.008,0.005,6182.0,8517.0,1.0
u[51683],1.006,0.899,-0.724,2.663,0.013,0.01,5152.0,5110.0,1.0
u[51775],1.15,0.715,-0.188,2.517,0.009,0.008,6350.0,6007.0,1.0
u[51037],-0.237,0.525,-1.23,0.747,0.007,0.005,5317.0,7140.0,1.0
u[51179],0.553,0.445,-0.274,1.403,0.007,0.005,3993.0,4670.0,1.0
v[51095],-0.767,0.861,-2.402,0.847,0.008,0.007,12924.0,12082.0,1.0
v[51167],-0.316,0.896,-1.99,1.367,0.007,0.007,18972.0,11509.0,1.0
v[51173],-0.037,0.885,-1.643,1.69,0.006,0.007,20676.0,12514.0,1.0
v[51540],0.313,0.879,-1.384,1.95,0.008,0.007,13072.0,11210.0,1.0
v[51031],-0.209,0.847,-1.802,1.361,0.007,0.007,15871.0,12049.0,1.0
v[51087],-0.222,0.671,-1.471,1.081,0.007,0.008,9491.0,8731.0,1.0
v[51099],0.688,0.891,-0.975,2.391,0.008,0.008,12930.0,10567.0,1.0
v[51103],-0.115,0.937,-1.898,1.637,0.007,0.008,17332.0,12178.0,1.0
v[51105],-0.465,0.911,-2.106,1.34,0.007,0.008,15831.0,11787.0,1.0
v[51115],-0.334,0.928,-2.044,1.485,0.007,0.007,18747.0,12004.0,1.0
v[51119],-0.233,0.907,-1.94,1.446,0.006,0.007,20399.0,12652.0,1.0
v[51149],-0.424,0.864,-2.139,1.127,0.007,0.007,16921.0,12078.0,1.0
v[51169],0.124,0.889,-1.534,1.795,0.007,0.008,17416.0,11936.0,1.0
v[51177],0.639,0.718,-0.769,1.962,0.009,0.007,7257.0,9619.0,1.0
v[51011],-0.373,0.93,-2.181,1.334,0.008,0.007,15186.0,11859.0,1.0
v[51067],1.004,0.847,-0.561,2.591,0.009,0.007,9340.0,8914.0,1.0
v[51097],0.169,0.876,-1.51,1.762,0.007,0.007,17380.0,11544.0,1.0
v[51121],-0.398,0.859,-2.059,1.166,0.007,0.007,14515.0,11327.0,1.0
v[51127],0.189,0.885,-1.441,1.887,0.007,0.007,16935.0,11684.0,1.0
v[51051],-0.344,0.891,-2.08,1.293,0.006,0.007,19565.0,12549.0,1.0
v[51083],0.47,0.857,-1.1,2.115,0.007,0.007,16034.0,12221.0,1.0
v[51107],-1.013,0.775,-2.415,0.518,0.01,0.007,6560.0,8614.0,1.0
v[51153],-0.796,0.728,-2.175,0.572,0.008,0.007,9024.0,7703.0,1.0
v[51175],0.63,0.898,-1.124,2.23,0.008,0.007,13799.0,10319.0,1.0
v[51033],0.61,0.854,-0.935,2.272,0.007,0.007,14072.0,10510.0,1.0
v[51073],0.886,0.86,-0.774,2.471,0.008,0.007,10831.0,9704.0,1.0
v[51141],-0.177,0.916,-1.901,1.531,0.007,0.007,19717.0,11876.0,1.0
v[51145],-0.493,0.92,-2.271,1.176,0.007,0.007,17177.0,11602.0,1.0
v[51171],-0.11,0.859,-1.686,1.528,0.007,0.007,16392.0,12523.0,1.0
v[51061],1.236,0.791,-0.219,2.769,0.008,0.008,10417.0,8402.0,1.0
v[51790],-0.143,0.918,-1.824,1.613,0.007,0.008,19230.0,12018.0,1.0
v[51065],0.672,0.886,-1.094,2.264,0.007,0.007,14799.0,10429.0,1.0
v[51007],-0.314,0.935,-2.066,1.43,0.006,0.008,22051.0,10631.0,1.0
v[51840],0.777,0.932,-0.994,2.482,0.013,0.007,5513.0,10967.0,1.0
v[51135],-0.23,0.884,-1.847,1.488,0.006,0.007,19726.0,12089.0,1.0
v[51036],-0.338,0.91,-2.035,1.364,0.007,0.008,17154.0,11239.0,1.0
v[51047],0.572,0.797,-0.942,2.048,0.007,0.007,11706.0,10794.0,1.0
v[51053],-0.419,0.884,-2.095,1.239,0.006,0.007,18674.0,11834.0,1.0
v[51137],0.174,0.832,-1.405,1.687,0.007,0.006,14070.0,11342.0,1.0
v[51079],0.106,0.881,-1.624,1.715,0.007,0.007,17913.0,11982.0,1.0
v[51085],0.906,0.751,-0.534,2.303,0.007,0.007,10845.0,9034.0,1.0
v[51111],-0.509,0.912,-2.243,1.2,0.008,0.007,13974.0,12576.0,1.0
v[51197],-0.405,0.923,-2.14,1.348,0.008,0.007,15111.0,11079.0,1.0
v[51550],0.151,0.728,-1.18,1.593,0.007,0.006,9676.0,10436.0,1.0
v[51660],-0.509,0.931,-2.225,1.28,0.009,0.008,9858.0,10077.0,1.0
v[51003],-1.249,0.828,-2.834,0.285,0.009,0.007,9209.0,9691.0,1.0
v[51019],-0.287,0.83,-1.844,1.268,0.006,0.007,18186.0,11822.0,1.0
v[51195],0.782,0.851,-0.803,2.383,0.008,0.007,12175.0,10120.0,1.0
v[51740],0.337,0.791,-1.149,1.815,0.007,0.007,11460.0,10315.0,1.0
v[51810],-0.276,0.795,-1.719,1.293,0.008,0.007,11136.0,11482.0,1.0
v[51005],-0.505,0.913,-2.22,1.222,0.008,0.007,14384.0,11033.0,1.0
v[51640],-0.613,0.963,-2.402,1.209,0.01,0.007,8956.0,10485.0,1.0
v[51193],-0.52,0.926,-2.204,1.273,0.007,0.007,18781.0,12129.0,1.0
v[51133],-0.098,0.926,-1.842,1.624,0.007,0.007,19266.0,12407.0,1.0
v[51155],0.565,0.888,-1.12,2.221,0.008,0.007,12689.0,11884.0,1.0
v[51187],0.279,0.829,-1.284,1.839,0.007,0.007,16235.0,11951.0,1.0
v[51590],-0.069,0.876,-1.68,1.622,0.007,0.007,14494.0,11321.0,1.0
v[51630],1.344,0.977,-0.505,3.148,0.017,0.007,3462.0,8433.0,1.0
v[51017],-0.394,0.934,-2.102,1.41,0.008,0.008,14752.0,11104.0,1.0
v[51670],0.422,0.853,-1.13,2.091,0.008,0.007,11902.0,11426.0,1.0
v[51700],0.223,0.755,-1.246,1.627,0.007,0.007,12054.0,11441.0,1.0
v[51069],-0.505,0.809,-2.076,0.966,0.007,0.007,13879.0,11620.0,1.0
v[51680],-0.118,0.831,-1.722,1.403,0.007,0.007,12413.0,11292.0,1.0
v[51199],-0.384,0.861,-1.972,1.254,0.007,0.008,13867.0,9638.0,1.0
v[51690],0.127,0.888,-1.509,1.817,0.008,0.007,11069.0,11161.0,1.0
v[51125],-0.16,0.901,-1.965,1.427,0.007,0.007,18379.0,12188.0,1.0
v[51143],-0.088,0.826,-1.68,1.428,0.006,0.007,16947.0,11492.0,1.0
v[51610],-0.19,0.952,-2.004,1.584,0.008,0.008,15701.0,11182.0,1.0
v[51730],0.973,0.844,-0.682,2.502,0.009,0.007,9497.0,9901.0,1.0
v[51735],-0.363,0.937,-2.217,1.331,0.007,0.007,18377.0,11875.0,1.0
v[51820],-0.126,0.907,-1.8,1.599,0.007,0.008,16251.0,11862.0,1.0
v[51770],1.172,0.916,-0.56,2.843,0.016,0.008,3273.0,7006.0,1.0
v[51800],-0.111,0.8,-1.601,1.388,0.007,0.007,14875.0,11923.0,1.0
v[51710],-0.089,0.727,-1.46,1.299,0.007,0.007,11181.0,10716.0,1.0
v[51041],0.275,0.654,-0.982,1.512,0.007,0.007,8398.0,9209.0,1.0
v[51059],-0.744,0.81,-2.198,0.821,0.012,0.007,4565.0,9358.0,1.0
v[51620],-0.721,0.936,-2.484,1.059,0.009,0.008,10931.0,11049.0,1.0
v[51093],0.045,0.892,-1.613,1.742,0.007,0.008,16693.0,11187.0,1.0
v[51678],-0.358,0.96,-2.22,1.412,0.008,0.008,15499.0,12110.0,1.0
v[51089],0.071,0.833,-1.548,1.593,0.007,0.007,14741.0,11310.0,1.0
v[51101],-0.403,0.891,-2.108,1.217,0.007,0.007,16794.0,12558.0,1.0
v[51109],-0.046,0.854,-1.689,1.538,0.007,0.007,16975.0,10468.0,1.0
v[51147],-0.312,0.921,-2.036,1.427,0.007,0.008,18481.0,12276.0,1.0
v[51165],-0.171,0.824,-1.65,1.432,0.007,0.007,12834.0,10770.0,1.0
v[51043],0.272,0.884,-1.358,1.945,0.007,0.008,17866.0,11719.0,1.0
v[51117],0.441,0.868,-1.202,2.09,0.007,0.007,15124.0,12488.0,1.0
v[51015],0.427,0.81,-1.072,1.987,0.006,0.007,17281.0,12225.0,1.0
v[51075],-0.106,0.896,-1.819,1.555,0.007,0.007,17489.0,11945.0,1.0
v[51113],-0.004,0.877,-1.681,1.635,0.006,0.007,20802.0,11414.0,1.0
v[51161],-0.001,0.789,-1.539,1.424,0.008,0.007,10805.0,10263.0,1.0
v[51025],0.361,0.879,-1.35,1.939,0.006,0.007,18742.0,12179.0,1.0
v[51163],0.084,0.92,-1.618,1.832,0.007,0.008,16774.0,11107.0,1.0
v[51720],-0.321,0.932,-2.155,1.356,0.007,0.008,16529.0,10477.0,1.0
v[51570],-0.092,0.881,-1.752,1.586,0.007,0.007,17959.0,11236.0,1.0
v[51023],0.517,0.887,-1.226,2.13,0.007,0.007,16891.0,11363.0,1.0
v[51520],-0.433,0.936,-2.147,1.4,0.008,0.008,12378.0,11200.0,1.0
v[51035],-0.132,0.917,-1.927,1.521,0.007,0.008,17972.0,12333.0,1.0
v[51191],-0.141,0.862,-1.851,1.413,0.007,0.007,14929.0,10920.0,1.0
v[51139],-0.242,0.874,-1.901,1.378,0.007,0.007,15655.0,12076.0,1.0
v[51510],-0.343,0.864,-2.001,1.26,0.008,0.007,10370.0,11704.0,1.0
v[51650],-0.022,0.751,-1.407,1.443,0.007,0.006,10903.0,11494.0,1.0
v[51013],0.176,0.836,-1.377,1.756,0.007,0.007,13653.0,10880.0,1.0
v[51027],1.007,0.914,-0.673,2.795,0.012,0.007,6349.0,8653.0,1.0
v[51760],0.55,0.825,-1.108,1.995,0.009,0.007,8861.0,9397.0,1.0
v[51057],-0.611,0.913,-2.339,1.084,0.007,0.007,15632.0,11568.0,1.0
v[51185],0.33,0.864,-1.306,1.92,0.007,0.007,14574.0,12407.0,1.0
v[51183],-0.517,0.935,-2.289,1.216,0.008,0.008,13904.0,10632.0,1.0
v[51683],0.762,0.912,-0.972,2.457,0.01,0.007,8858.0,10420.0,1.0
v[51775],0.011,0.877,-1.63,1.657,0.008,0.007,11790.0,10575.0,1.0
v[51037],-0.342,0.907,-2.027,1.41,0.007,0.008,15055.0,11537.0,1.0
v[51179],-0.373,0.732,-1.811,0.93,0.007,0.007,11360.0,10861.0,1.0
